,colour,pattern,disposition,material,texture,location,shape,width_meters,width_centimeters,width_millimeters,width_inches,width_feet,height_meters,height_centimeters,height_millimeters,height_inches,height_feet,length_meters,length_centimeters,length_millimeters,length_inches,length_feet,weight_kilograms,weight_grams,weight_pounds,weight_ounces,value_US dollars,value_euros,value_pounds,temperature_celsius,temperature_fahrenheit,temperature_kelvin,concept,model_name
0,"['orange', 'red', 'seal brown', 'white', 'yellow']",[],[],[],['soft'],"['airfield', 'campus', 'food court', 'grocery', 'hotel', 'pizzeria', 'restaurant', 'stadium', 'store', 'street', 'supermarket']","['circle', 'oval', 'rectangle', 'square']",0.5,25.0,300.0,12.5,2.5,0.3,15.0,300.0,12.5,1.0,0.15,30.0,460.0,12.5,1.5,0.22,250.0,0.75,12.0,3.5,8.5,0.75,26.0,350.0,293.15,pizza,phi3mini_4k_instruct_q4
1,"['black', 'green', 'orange', 'red', 'seal brown', 'white', 'yellow']",[],[],[],['soft'],"['cafeteria', 'festival', 'grocery', 'home', 'pizzeria', 'restaurant', 'store', 'street']","['oval', 'rectangle', 'round']",0.3,30.0,360.0,14.0,2.5,0.3,15.0,300.0,12.0,1.5,0.6,25.0,400.0,14.0,1.5,0.2,300.0,0.5,14.0,1.99,5.5,0.5,22.0,400.0,293.15,pizza,phi3mini_4k_instruct_q4
2,"['orange', 'red', 'seal brown', 'white', 'yellow']",[],[],['water'],['soft'],"['coffee shop', 'festival', 'mall', 'pizzeria', 'restaurant', 'shop', 'street', 'supermarket']","['circle', 'oval', 'rectangle', 'wheel']",0.75,25.0,330.0,12.0,2.5,0.05,30.0,300.0,12.0,1.0,0.25,30.0,280.0,12.0,1.0,0.26,250.0,0.5,12.5,2.5,8.0,0.75,26.67,250.0,295.25,pizza,phi3mini_4k_instruct_q4
3,"['orange', 'red', 'seal brown', 'white', 'yellow']",[],[],[],['soft'],"['bakery', 'cafeteria', 'festival', 'pizzeria', 'restaurant', 'schoolhouse', 'store', 'supermarket']","['rectangle', 'round', 'square', 'triangle']",0.5,25.0,400.0,14.0,1.5,0.1,15.0,300.0,12.5,1.0,0.3,30.0,460.0,14.0,2.2,0.28,250.0,0.5,12.0,1.0,6.5,0.5,75.0,350.0,298.15,pizza,phi3mini_4k_instruct_q4
4,"['orange', 'red', 'seal brown', 'white', 'yellow']",[],[],[],"['smooth', 'soft']","['home', 'office', 'pizzeria', 'restaurant']","['circle', 'oval', 'rectangle', 'wheel']",0.5,25.0,260.0,14.0,2.5,0.1,15.0,300.0,12.5,1.0,0.6,25.0,300.0,12.0,2.5,0.2,250.0,0.5,12.5,1.99,8.5,0.5,175.0,275.0,295.25,pizza,phi3mini_4k_instruct_q4
5,"['black', 'cream', 'orange', 'red', 'seal brown', 'white', 'yellow']",[],[],[],['soft'],"['counter', 'grocery', 'hotel', 'pizzeria', 'restaurant', 'schoolhouse', 'store', 'street', 'supermarket']","['circle', 'oval', 'rectangle', 'square']",0.5,25.0,432.0,12.0,2.5,0.08,15.0,300.0,12.0,1.5,0.3,28.274333882308138,460.0,14.0,1.5,0.28,250.0,0.75,12.0,15.99,6.5,0.5,26.0,375.0,303.15,pizza,phi3mini_4k_instruct_q4
6,"['orange', 'red', 'white', 'yellow']",[],[],[],['soft'],"['campus', 'grocery', 'pizzeria', 'restaurant', 'schoolhouse', 'stadium', 'store', 'street', 'supermarket']","['circle', 'rectangle', 'wheel']",0.3,25.0,460.0,14.0,1.5,0.2,15.0,300.0,12.0,1.5,0.3,30.0,250.0,14.0,2.5,0.2,250.0,0.5,14.0,1.0,10.0,0.5,30.0,350.0,293.15,pizza,phi3mini_4k_instruct_q4
7,"['orange', 'red', 'seal brown', 'white', 'yellow']",[],[],['water'],['soft'],"['cafeteria', 'coffee shop', 'home', 'pizzeria', 'restaurant', 'schoolhouse', 'store', 'street', 'supermarket']","['circle', 'oval', 'rectangle', 'triangle']",0.22,30.0,360.0,14.0,2.5,0.1,15.0,300.0,14.0,1.0,0.5,30.0,460.0,14.0,2.5,0.26,250.0,0.23,12.5,2.5,6.5,0.83,26.0,375.0,293.15,pizza,phi3mini_4k_instruct_q4
8,"['orange', 'red', 'seal brown', 'white', 'yellow']",[],[],[],[],"['bar', 'festival', 'grocery', 'office', 'pizzeria', 'restaurant', 'store']","['circle', 'oval', 'rectangle', 'square']",0.3,30.0,250.0,12.0,2.5,0.3,15.0,300.0,12.0,1.0,0.3,25.0,460.0,14.0,1.5,0.22,250.0,0.5,12.5,14.99,6.5,0.75,26.0,400.0,293.15,pizza,phi3mini_4k_instruct_q4
9,"['orange', 'red', 'seal brown', 'white', 'yellow']",[],[],[],"['smooth', 'soft']","['cafeteria', 'grocery', 'home', 'kitchen', 'pizzeria', 'restaurant', 'store', 'supermarket']","['circle', 'rectangle', 'triangle', 'wheel']",0.5,30.0,360.0,12.0,2.5,0.1,15.0,300.0,12.0,1.0,0.2,25.0,230.0,12.0,1.5,0.22,250.0,0.5,12.0,15.99,6.5,0.5,27.0,375.0,298.15,pizza,phi3mini_4k_instruct_q4
10,"['orange', 'red', 'white', 'yellow']",[],[],['water'],['soft'],"['food court', 'pizzeria', 'restaurant', 'store', 'supermarket']","['circle', 'disk', 'oval', 'ring', 'round']",0.6,30.0,460.0,14.0,2.5,0.3,15.0,300.0,12.0,1.5,0.3,25.0,280.0,12.0,1.5,0.22,250.0,0.5,12.5,15.0,5.0,0.63,26.0,350.0,300.0,pizza,phi3mini_4k_instruct_q4
11,"['orange', 'red', 'seal brown', 'white', 'yellow']",[],[],[],['soft'],"['food court', 'grocery', 'home', 'kitchen', 'pizzeria', 'restaurant', 'store', 'street', 'supermarket']","['circle', 'oval', 'rectangle']",0.4,30.0,460.0,14.0,2.0,0.1,15.0,300.0,12.0,1.5,0.3,25.0,270.0,12.0,2.0,0.23,250.0,0.75,12.0,1.75,5.0,0.5,160.0,350.0,293.15,pizza,phi3mini_4k_instruct_q4
12,"['or', 'orange', 'red', 'seal brown', 'white']",[],[],[],['soft'],"['bakery', 'food court', 'grocery', 'pizzeria', 'restaurant', 'store', 'street', 'supermarket']",[],0.3,25.0,460.0,14.0,2.5,0.2,15.0,300.0,12.0,1.0,0.3,25.0,460.0,14.0,2.5,0.24,250.0,0.5,12.0,15.99,15.0,0.75,26.5,375.0,293.15,pizza,phi3mini_4k_instruct_q4
13,"['orange', 'red', 'seal brown', 'white', 'yellow']",[],[],[],['soft'],"['cafeteria', 'grocery', 'home', 'kitchen', 'restaurant', 'store', 'street', 'supermarket']","['circular', 'oval', 'rectangle', 'round']",0.5,30.0,430.0,14.0,2.5,0.1,15.0,300.0,14.0,1.0,0.2,28.0,460.0,14.0,2.5,0.22,250.0,0.5,12.5,1.99,5.0,0.5,60.0,375.0,295.37,pizza,phi3mini_4k_instruct_q4
14,"['orange', 'red', 'seal brown', 'white', 'yellow']",[],[],[],['soft'],"['airfield', 'campus', 'grocery', 'hotel', 'office', 'park', 'restaurant', 'schoolhouse', 'store', 'street', 'supermarket']",[],0.3,30.0,280.0,14.0,2.5,0.1,15.0,300.0,12.5,1.0,0.3,30.0,460.0,14.0,1.5,0.25,250.0,0.5,12.5,15.99,8.0,0.5,26.0,212.0,298.15,pizza,phi3mini_4k_instruct_q4
15,"['black', 'orange', 'red', 'seal brown', 'white', 'yellow']",[],[],[],['soft'],"['home', 'kitchen', 'pizzeria', 'restaurant', 'store', 'supermarket']","['round', 'square', 'triangle']",0.3,30.0,500.0,12.0,2.5,0.1,15.0,300.0,12.0,1.5,0.3,30.0,230.0,12.0,1.0,0.23,250.0,0.5,14.0,10.0,5.5,0.5,27.78,350.0,293.15,pizza,phi3mini_4k_instruct_q4
16,"['orange', 'red', 'seal brown', 'white', 'yellow']",[],[],[],"['smooth', 'soft']","['grocery', 'home', 'pizzeria', 'restaurant', 'store']","['heptagon', 'octagon', 'rectangle', 'round', 'square', 'triangle']",0.3,30.0,460.0,14.0,2.5,0.08,15.0,300.0,12.0,1.0,0.5,30.0,460.0,14.0,2.5,0.2,250.0,0.5,14.0,15.99,7.5,0.75,26.67,250.0,300.0,pizza,phi3mini_4k_instruct_q4
17,"['orange', 'red', 'seal brown']",[],[],[],['soft'],"['airfield', 'bar', 'cafeteria', 'festival', 'home', 'hotel', 'park', 'pizzeria', 'restaurant', 'schoolhouse', 'street', 'supermarket']","['circular', 'oval', 'rectangle', 'wedge']",0.5,30.0,432.0,14.0,2.5,0.3,15.0,300.0,14.0,1.5,0.3,30.0,460.0,14.0,2.5,0.23,250.0,0.5,14.0,15.99,8.5,0.75,26.0,375.0,300.0,pizza,phi3mini_4k_instruct_q4
18,"['green', 'orange', 'red', 'white', 'yellow']",[],[],['water'],"['smooth', 'soft']","['home', 'kitchen', 'pizzeria', 'restaurant', 'store', 'street', 'supermarket']","['circle', 'oval', 'rectangle', 'square', 'wheel']",0.5,25.0,300.0,12.0,2.5,0.1,15.0,300.0,12.5,1.0,0.5,28.274,260.0,14.0,2.5,0.25,250.0,0.5,12.0,3.5,8.5,0.75,0.0,250.0,293.15,pizza,phi3mini_4k_instruct_q4
19,"['orange', 'red', 'seal brown', 'white', 'yellow']",[],[],[],"['smooth', 'soft']","['bar', 'coffee shop', 'pizzeria', 'restaurant', 'shop', 'store', 'street', 'supermarket']","['circle', 'oval', 'rectangle', 'wheel']",0.5,25.0,250.0,12.5,2.5,0.3,15.0,300.0,12.0,1.5,0.5,25.0,460.0,14.0,1.5,0.22,250.0,0.5,12.5,15.0,8.0,,26.67,375.0,295.25,pizza,phi3mini_4k_instruct_q4
20,"['black', 'red', 'white']",[],[],[],['soft'],['restaurant'],"['oblong', 'round', 'square']",0.3,30.0,300.0,14.0,0.5,0.05,5.0,50.0,1.25,0.25,0.3,30.0,300.0,14.0,0.5,0.5,250.0,0.5,16.0,12.5,8.5,5.0,250.0,450.0,300.0,pizza,qwen25_7b_standard
21,"['black', 'green', 'red', 'white']",[],[],[],['soft'],['restaurant'],[],0.3,30.0,300.0,14.0,0.5,0.15,2.5,50.0,1.25,0.15,0.5,30.0,300.0,14.0,0.5,0.5,250.0,0.5,12.0,15.0,12.5,5.0,80.0,450.0,303.15,pizza,qwen25_7b_standard
22,"['black', 'green', 'red', 'white']",[],[],[],"['bubbly', 'soft']",[],[],0.5,30.0,300.0,14.0,0.5,0.05,3.5,50.0,1.5,0.15,0.3,30.0,300.0,12.0,0.5,0.5,300.0,0.5,16.0,15.0,12.5,5.0,200.0,450.0,300.0,pizza,qwen25_7b_standard
23,"['black', 'green', 'red', 'white', 'yellow']",[],[],[],[],['restaurant'],"['round', 'square']",0.45,30.0,300.0,14.0,0.5,0.05,5.0,50.0,1.25,0.1,0.45,30.5,300.0,14.0,0.5,0.5,350.0,0.5,12.0,15.0,12.5,5.0,250.0,450.0,300.0,pizza,qwen25_7b_standard
24,"['black', 'green', 'red', 'white']",[],[],[],"['bubbly', 'soft']",['restaurant'],"['oblong', 'round', 'square']",0.35,30.5,300.0,12.0,0.5,0.05,3.5,50.0,0.5,0.15,0.3,30.0,300.0,14.0,0.5,0.5,250.0,0.5,16.0,15.0,12.5,5.0,180.0,450.0,303.15,pizza,qwen25_7b_standard
25,"['black', 'green', 'red', 'white']",[],[],[],['bubbly'],['restaurant'],"['round', 'square']",0.5,30.5,300.0,14.0,0.5,0.05,5.0,50.0,1.25,0.15,0.3,30.0,300.0,14.0,0.5,0.5,250.0,0.5,16.0,10.5,10.5,5.0,150.0,450.0,305.15,pizza,qwen25_7b_standard
26,"['black', 'green', 'red', 'white']",[],[],[],"['bubbly', 'soft']",['restaurant'],"['round', 'square']",0.45,30.0,300.0,12.0,0.5,0.05,5.0,50.0,0.5,0.1,0.3,30.0,300.0,14.0,0.5,0.5,250.0,0.5,16.0,15.0,12.5,5.0,80.0,450.0,300.0,pizza,qwen25_7b_standard
27,"['black', 'green', 'red', 'white']",[],[],[],['soft'],['restaurant'],"['round', 'square']",0.5,30.0,300.0,14.0,0.5,0.03,3.5,50.0,1.25,0.25,0.3,30.5,300.0,14.0,0.5,0.5,250.0,0.5,16.0,10.5,12.5,5.0,80.0,450.0,305.15,pizza,qwen25_7b_standard
28,"['black', 'green', 'red', 'white']",[],[],[],['soft'],['restaurant'],"['oblong', 'round', 'square']",0.5,30.5,300.0,14.0,0.5,0.05,5.0,50.0,1.25,0.1,0.3,30.0,300.0,14.0,0.5,0.5,300.0,0.5,16.0,15.0,12.5,5.0,200.0,450.0,303.15,pizza,qwen25_7b_standard
29,"['black', 'green', 'red', 'white']",[],[],[],['soft'],['restaurant'],"['round', 'square']",0.5,30.5,300.0,14.0,0.5,0.05,2.5,5.0,0.5,0.15,0.3,30.5,300.0,14.0,0.5,0.5,250.0,0.5,12.0,15.0,10.5,5.0,20.5,450.0,300.0,pizza,qwen25_7b_standard
30,"['black', 'green', 'red', 'white']",[],[],[],['soft'],['restaurant'],"['oblong', 'round', 'square']",0.3,30.0,300.0,14.0,0.5,0.05,3.5,50.0,1.25,0.25,0.3,30.0,300.0,14.0,0.5,0.5,250.0,0.5,16.0,12.5,12.5,5.0,250.0,450.0,303.15,pizza,qwen25_7b_standard
31,"['black', 'green', 'red', 'white']",[],[],[],"['bubbly', 'soft']",[],"['round', 'square']",0.35,30.0,300.0,12.0,0.5,0.03,2.5,50.0,1.25,0.1,0.3,30.0,300.0,14.0,0.5,0.5,300.0,1.5,12.0,15.0,10.5,5.0,200.0,450.0,305.15,pizza,qwen25_7b_standard
32,['red'],[],[],[],['soft'],['restaurant'],"['oval', 'round', 'square']",0.5,30.0,300.0,12.0,0.5,0.05,2.5,5.0,1.25,0.15,0.3,30.5,300.0,14.0,0.5,0.5,250.0,0.5,16.0,12.5,12.5,5.0,250.0,450.0,303.15,pizza,qwen25_7b_standard
33,"['black', 'green', 'red', 'white']",[],[],[],['soft'],['restaurant'],"['oval', 'round', 'square']",0.5,30.5,300.0,12.0,0.5,0.025,3.5,50.0,0.5,0.1,0.3,30.5,300.0,14.0,0.5,0.5,300.0,0.5,16.0,15.0,12.5,5.0,18.0,450.0,303.15,pizza,qwen25_7b_standard
34,"['black', 'green', 'red', 'white']",[],[],[],['soft'],['restaurant'],"['round', 'square']",0.3,30.5,300.0,14.0,0.5,0.03,5.0,10.0,1.25,0.15,0.3,30.0,300.0,14.0,0.5,0.5,250.0,0.5,12.0,10.5,10.5,5.0,150.0,450.0,300.0,pizza,qwen25_7b_standard
35,"['black', 'green', 'multicolored', 'red', 'white']",[],[],[],['soft'],[],"['oblong', 'round', 'square']",0.3,30.5,300.0,14.0,0.5,0.1,2.5,50.0,1.25,0.15,0.3,30.0,300.0,14.0,0.5,0.5,250.0,0.5,16.0,12.5,10.5,5.0,200.0,450.0,305.15,pizza,qwen25_7b_standard
36,"['black', 'green', 'red', 'white']",[],[],[],['soft'],[],"['oblong', 'round', 'square']",0.5,30.0,300.0,12.0,0.5,0.05,3.5,5.0,1.5,0.15,0.5,30.0,300.0,14.0,0.5,0.5,300.0,0.5,10.0,12.5,10.5,5.0,200.0,450.0,300.0,pizza,qwen25_7b_standard
37,"['black', 'green', 'red', 'white']",[],[],[],['soft'],['restaurant'],"['round', 'square']",0.5,30.5,300.0,14.0,0.5,0.05,2.5,5.0,1.25,0.15,0.3,30.5,300.0,14.0,0.5,0.5,250.0,0.5,16.0,12.5,12.5,5.0,200.0,450.0,303.15,pizza,qwen25_7b_standard
38,"['black', 'green', 'red', 'white']",[],[],[],['soft'],['restaurant'],[],0.3,30.5,300.0,14.0,0.5,0.05,3.5,50.0,1.25,0.125,0.3,30.0,300.0,14.0,0.5,0.5,250.0,0.5,16.0,12.5,10.5,5.0,150.0,450.0,305.15,pizza,qwen25_7b_standard
39,"['black', 'green', 'red', 'white']",[],[],[],['soft'],['restaurant'],"['oblong', 'round', 'square']",0.5,30.5,300.0,14.0,0.5,0.03,5.0,5.0,1.25,0.1,0.3,30.0,300.0,14.0,0.5,0.5,250.0,0.5,16.0,15.0,10.5,5.0,200.0,450.0,303.15,pizza,qwen25_7b_standard
40,['seal brown'],[],[],[],[],,['round'],0.45,25.0,150.0,12.5,12.0,0.125,20.5,12000.0,10.5,0.5,0.5,35.0,350.0,12.0,0.25,1.0,0.5,0.3629,0.5,10.99,12.5,,16.0,68.5,375.0,pizza,llava_7b_standard
41,['red'],[],[],[],['soft'],[],['oval'],0.5,35.0,200.0,12.0,0.5,0.1524,25.0,150.0,12.5,1.0,0.5,0.5,300.0,12.5,12.0,,200.0,0.5,0.75,15.0,10.5,12.5,20.5,68.0,310.5,pizza,llava_7b_standard
42,['red'],[],[],,[],[],['oval'],0.5,35.0,200.0,12.5,0.5,0.25,12.5,250.0,12.0,0.5,0.5,30.5,200.0,12.0,12.0,0.5,,,12.0,12.5,12.5,0.5,12.5,68.0,308.15,pizza,llava_7b_standard
43,['seal brown'],[],[],[],['soft'],[],['round'],0.5,20.0,283.0,12.0,1.0,0.375,15.0,120.0,12.0,0.5,,30.5,350.0,12.5,0.5,0.5,0.25,1.5,0.25,,10.5,0.5,20.5,0.0,293.15,pizza,llava_7b_standard
44,['seal brown'],[],[],[],[],[],['oval'],0.5,30.0,200.0,14.0,0.5,0.25,25.0,,12.5,0.5,0.5,30.5,250.0,12.0,1.5,0.65,250.0,0.25,12.0,12.5,15.0,0.5,25.0,65.0,300.15,pizza,llava_7b_standard
45,"['gold', 'seal brown']",[],[],[],['soft'],[],['round'],0.5,45.0,30.0,12.0,0.157,0.25,20.0,12.5,10.5,0.5,0.5,30.0,250.0,14.0,0.5,1.23456,0.25,0.5,8.0,,10.5,0.015,15.0,0.59,300.15,pizza,llava_7b_standard
46,"['or', 'seal brown']",[],[],[],[],[],['oval'],0.5,30.5,250.0,12.0,,0.125,30.0,10.5,12.5,0.25,0.5,0.5,,12.5,0.5,1.5,200.0,0.5,12.0,10.5,15.0,0.5,37.5,68.0,280.15,pizza,llava_7b_standard
47,['seal brown'],[],[],[],[],[],['round'],0.51,30.5,250.0,12.0,0.15,,10.5,10.0,12.5,0.5,0.375,20.0,300.0,12.0,12.0,,200.0,0.25,0.5,12.5,10.5,0.5,20.5,65.0,300.15,pizza,llava_7b_standard
48,['seal brown'],[],[],[],[],[],['oval'],0.5,30.0,150.0,12.0,12.0,0.25,30.0,12.5,10.5,10.5,0.375,35.0,300.0,12.0,0.25,0.658,125.0,,8.0,10.5,10.5,,375.0,68.0,300.0,pizza,llava_7b_standard
49,"['red', 'seal brown']",[],[],[],['soft'],[],['round'],0.5,0.35,300.0,12.5,12.5,0.25,25.0,0.5,12.5,0.75,0.5,35.0,250.0,12.0,0.5,0.75,0.347,1.5,12.0,10.5,,0.5,21.5,75.0,300.15,pizza,llava_7b_standard
50,['red'],[],[],[],['soft'],[],['round'],0.5,35.0,250.0,0.0,12.0,0.3,25.0,150.0,12.5,0.25,0.3,30.0,300.0,12.0,1.0,0.5,250.0,0.875,0.125,10.5,0.0,15.0,25.0,32.0,295.15,pizza,llava_7b_standard
51,['seal brown'],[],[],[],['soft'],[],['round'],0.45,35.0,150.0,12.5,0.75,0.125,0.15,250.0,12.0,1.0,0.3,0.5,300.0,12.0,12.0,0.5,250.0,0.8574695234,14.0,0.5,10.5,10.5,23.5,0.0,293.15,pizza,llava_7b_standard
52,"['red', 'seal brown']",[],[],[],[],[],['round'],0.5,30.5,280.0,12.5,3.5,,25.0,12.5,10.5,1.0,0.45,35.0,300.0,12.5,12.5,0.5,0.35,1.5,8.0,,10.5,,37.2,75.0,373.15,pizza,llava_7b_standard
53,['seal brown'],[],[],[],[],[],['round'],0.5,30.0,250.0,10.5,12.5,,0.35,12.5,12.5,0.5,0.25,0.5,250.0,,,1.0,,0.5,12.0,12.5,,10.5,15.0,,308.15,pizza,llava_7b_standard
54,['yellow'],[],[],[],[],[],['oval'],0.6,35.0,300.0,12.5,10.0,0.25,25.0,10.5,0.5,0.5,0.35,30.5,350.0,12.0,1.5,0.8125,150.0,0.25,12.0,0.15,10.5,10.5,20.5,65.0,300.15,pizza,llava_7b_standard
55,"['orange', 'seal brown', 'yellow']",[],[],[],[],,['round'],0.375,30.5,300.0,12.5,0.5,0.1,0.25,1000.0,12.5,0.5,,42.0,300.0,12.0,1.5,0.5,200.0,0.5,12.0,10.5,10.5,3.5,0.0,60.0,350.4,pizza,llava_7b_standard
56,"['gold', 'seal brown']",[],[],[],[],[],['oval'],0.3528,30.0,300.0,,1.0,0.125,25.0,1200.0,12.0,1.0,0.4,45.0,300.0,12.5,12.0,,,0.76,0.5,15.5,2.5,12.95,35.0,37.5,350.4,pizza,llava_7b_standard
57,['seal brown'],[],[],[],[],[],['oval'],0.5,30.0,300.0,12.0,12.0,0.125,15.0,250.0,12.0,0.5,0.45,45.0,280.0,12.0,12.5,0.5,250.0,0.254,,12.5,10.5,10.5,21.5,60.0,300.0,pizza,llava_7b_standard
58,['seal brown'],[],[],[],['soft'],,['oval'],0.5,25.0,300.0,12.0,,0.25,25.0,0.391,10.5,,0.5,30.5,280.0,14.0,12.5,0.5,100.0,0.254,0.5,12.5,12.5,12.5,15.0,32.0,273.15,pizza,llava_7b_standard
59,['red'],[],[],,[],[],['round'],0.5,25.0,350.0,12.0,1.5,,25.0,1200.0,10.5,1.5,0.5,30.0,300.0,12.0,12.5,1.5,250.0,1.2,12.0,15.0,10.5,0.5,25.0,0.65,300.15,pizza,llava_7b_standard
60,"['red', 'white', 'yellow']",[],[],[],['soft'],[],"['round', 'square']",0.05,32.0,180.0,14.0,12.0,0.25,30.0,25000.0,14.0,12.0,15.0,30.5,305.0,14.0,14.0,2.5,250.0,1.25,150.0,8.0,4.0,0.75,20.0,72.8,350.4,pizza,qwen25_1b_standard
61,"['black', 'red', 'white']",[],[],[],['soft'],[],"['oval', 'round', 'square']",10.5,30.5,300.0,14.0,12.0,2.5,30.0,,10.5,10.5,30.5,30.5,300.0,12.5,10.5,0.5,100.0,1.5,14.0,12.95,3.5,3.0,20.0,70.0,300.0,pizza,qwen25_1b_standard
62,[],[],['hot'],[],['soft'],[],"['oval', 'round', 'square']",25.0,40.0,300.0,12.0,14.0,0.178,180.0,300.0,10.5,13.0,24.0,35.0,450.0,14.0,10.5,0.75,300.0,1.0,10.5,5.0,12.0,4.0,20.5,70.0,270.15,pizza,qwen25_1b_standard
63,"['blue', 'green', 'red', 'white', 'yellow']",[],[],[],['soft'],[],"['oval', 'round', 'square', 'triangle']",10.5,30.5,405.0,14.0,12.0,0.05,30.5,1500.0,12.0,10.0,30.48,30.5,300.0,14.0,10.0,1054.6893291761353,200.5,1.25,14.0,15.0,12.5,1400.0,20.3,70.0,300.0,pizza,qwen25_1b_standard
64,[],[],[],[],['soft'],[],"['round', 'square']",12.5,30.0,,12.5,12.0,0.1,30.0,200.0,14.0,10.5,0.25,350.0,400.0,14.0,12.0,2.0,200.0,2096.0,8.5,5.0,10.5,1.0,20.0,70.0,150.0,pizza,qwen25_1b_standard
65,"['green', 'red', 'white']",[],[],[],['soft'],[],"['egg-shaped', 'round', 'square']",0.024,32.5,300.0,16.0,13.0,0.05,30.5,200.5,12.0,13.5,0.275,30.4,300.0,14.0,10.4,2.05,1000.0,1.5,14.0,12.5,15.0,3.5,20.5,70.0,20.0,pizza,qwen25_1b_standard
66,"['black', 'red', 'white']",[],['hot'],[],['soft'],[],"['round', 'square']",0.1275,30.0,320.0,14.0,12.0,0.15,30.0,2500.0,10.5,10.2,10.5,30.5,300.0,12.0,12.0,1.5,300.0,1.5,14.0,4.5,10.5,1.5,30.0,70.0,300.0,pizza,qwen25_1b_standard
67,[],[],[],[],['soft'],[],"['oval', 'round', 'square']",0.25,30.48,300.0,14.0,10.5,0.048,30.5,300.0,12.5,12.0,35.0,30.5,300.0,14.0,10.5,0.5,200.0,1.5,150.0,15.0,4.5,1.5,20.5,90.0,203.15,pizza,qwen25_1b_standard
68,"['black', 'red', 'white']",[],['hot'],[],"['smooth', 'soft']",[],"['round', 'square', 'triangle']",2.56,30.0,300.0,13.5,12.0,0.18,30.5,200.0,12.0,10.5,10.5,350.0,,14.0,14.5,0.5,150.0,1.5,8.0,2.0,14.5,1.0,20.0,75.0,340.0,pizza,qwen25_1b_standard
69,"['black', 'red', 'white']",[],[],[],['soft'],[],"['round', 'square', 'triangle']",32.5,35.0,300.0,14.0,10.0,0.17,35.0,180.0,12.0,10.0,350.0,30.5,300.0,14.0,14.0,1.5,1500.0,1.0,14.0,8.0,4.5,1.5,20.0,70.0,370.0,pizza,qwen25_1b_standard
70,"['black', 'red', 'white']",[],[],[],['soft'],[],"['circular', 'rectangle', 'round', 'square']",0.25,30.0,350.0,12.5,12.0,0.15,30.0,30000.0,10.5,10.5,30.0,20.5,300.0,14.0,10.5,0.5,150.0,1.0,8.0,15.0,10.5,2.5,20.5,35.0,298.15,pizza,qwen25_1b_standard
71,"['red', 'white', 'yellow']",[],[],[],['soft'],[],"['oval', 'rectangle', 'round', 'square']",0.25,40.0,300.0,14.0,10.5,0.17,30.5,2000.0,12.0,10.2,30.5,25.0,300.0,14.0,10.5,4.5,1000.0,1.5,10.5,10.5,10.5,2.5,20.0,40.0,1200.5,pizza,qwen25_1b_standard
72,[],[],['fast'],[],['soft'],[],"['oval', 'round', 'square', 'triangle']",10.0,30.0,300.0,14.0,12.0,10.5,150.0,,14.0,10.25,14.5,30.0,300.0,12.5,12.0,1.25,300.0,1.0,12.0,4.0,10.5,1.5,20.5,105.67,275.0,pizza,qwen25_1b_standard
73,"['red', 'white', 'yellow']",[],[],[],"['smooth', 'soft']",[],"['heart', 'round', 'square', 'triangle']",18.0,30.5,300.0,12.5,10.0,0.15,30.5,140.0,10.5,8.0,20.0,30.5,205.6,14.0,12.5,10.5,150.0,2.0,203.0,13.0,25.0,1.5,20.5,75.0,300.0,pizza,qwen25_1b_standard
74,"['black', 'red', 'white']",[],[],[],['soft'],[],"['circular', 'oval', 'round']",30.0,30.5,300.0,14.0,14.0,2.0,30.0,250.0,10.5,0.314,30.0,16.5,205.0,14.0,12.0,0.5,1000.0,1.5,14.0,20.0,7.5,1.5,25.0,108.3,20.0,pizza,qwen25_1b_standard
75,"['green', 'red', 'white']",[],['fresh'],[],['soft'],[],"['oval', 'round', 'square', 'triangle']",0.05,35.0,300.0,14.0,12.0,2.5,120.0,180.0,12.0,10.5,10.5,30.0,300.0,14.0,12.0,0.5,1200.0,1.3,2043.5,12.95,5.0,2.5,20.5,105.6,370.0,pizza,qwen25_1b_standard
76,[],[],[],[],['soft'],[],"['crescent', 'round', 'square']",25.0,30.0,400.0,12.5,12.0,10.5,30.5,150.0,14.0,10.5,20.5,30.5,350.0,14.0,13.0,3.5,200.0,1.5,1.5,45.0,5.0,1.5,20.5,70.0,250.0,pizza,qwen25_1b_standard
77,[],[],[],[],['soft'],[],"['oval', 'round', 'square']",0.038497,30.5,405.0,14.0,12.0,24.0,25.0,350.0,14.0,10.5,0.1548,14.0,350.0,14.0,12.0,0.2,800.0,2.0,15.0,5.0,3.5,1.0,30.0,80.0,150.4,pizza,qwen25_1b_standard
78,[],[],[],[],['soft'],[],['round'],10.5,30.5,305.0,14.0,12.0,0.35,30.5,200.0,12.0,10.0,20.0,30.5,350.0,14.0,12.5,1.0,200.0,1.35,14.0,,10.5,0.78,10.5,70.0,20.0,pizza,qwen25_1b_standard
79,[],[],['fresh'],[],['soft'],[],"['round', 'square']",20.5,35.0,350.0,14.0,12.0,0.1456,35.0,350.0,14.0,10.0,0.25,30.0,1200.0,14.0,12.0,3.5,150.0,1.5,14.5,5.0,8.0,1050.0,20.5,70.0,15000.0,pizza,qwen25_1b_standard
80,"['red', 'seal brown', 'white', 'yellow']",[],,,,,,0.45,30.0,,14.0,0.4,0.05,20.0,,10.0,0.2,0.5,28.0,280.0,14.0,0.67,0.3,,2.3,2.3,12.99,10.99,15.99,23.0,75.0,293.15,pizza,llama31_8b_standard
81,"['black', 'green', 'red', 'seal brown', 'white', 'yellow']",[],[],,,,,0.5,35.56,200.0,14.0,0.5,0.03,30.0,180.0,12.0,0.33,0.6,30.0,,14.0,1.5,0.35,350.0,1.5,16.5,15.99,10.99,12.99,25.0,75.0,293.15,pizza,llama31_8b_standard
82,['red'],,[],[],['soft'],[],"['circular', 'oval', 'rectangle', 'square']",0.4,30.0,250.0,12.0,1.97,0.2,30.0,,12.0,0.2,0.5,30.0,280.0,14.0,0.5,0.35,350.0,2.0,28.0,15.99,10.99,15.99,25.0,75.0,295.37,pizza,llama31_8b_standard
83,"['green', 'red', 'seal brown', 'white', 'yellow']",[],[],[],,,"['oval', 'rectangle', 'round', 'square']",0.4,30.0,280.0,14.0,0.5,0.2,25.7,120.0,12.0,0.15,0.5,30.0,420.0,12.0,0.5,0.25,340.0,1.5,24.0,15.99,12.99,15.99,25.0,75.0,323.15,pizza,llama31_8b_standard
84,"['gold', 'green', 'red', 'seal brown', 'white', 'yellow']",,[],,['soft'],,[],0.6,30.0,350.0,14.0,1.8,0.05,20.0,200.0,12.0,0.25,0.3,30.0,450.0,12.0,1.97,0.35,,2.4,16.0,15.99,10.99,12.99,23.0,70.0,300.0,pizza,llama31_8b_standard
85,"['red', 'seal brown', 'white', 'yellow']",,,,['soft'],,,0.35,30.0,250.0,12.0,0.6,0.05,30.0,250.0,14.0,0.2,0.35,30.0,,12.0,12.0,0.5,250.0,1.5,18.0,15.99,10.99,12.95,25.0,75.0,293.15,pizza,llama31_8b_standard
86,,,['edible'],[],,[],"['oval', 'rectangle', 'round', 'square']",0.5,30.0,300.0,12.0,0.25,0.025,30.0,210.0,12.0,0.12,0.3,28.0,300.0,12.0,0.5,0.5,,2.0,24.0,15.99,12.99,12.99,25.0,75.0,293.15,pizza,llama31_8b_standard
87,,[],[],[],[],[],"['oval', 'round', 'square']",0.8,50.0,280.0,14.0,0.5,0.25,30.0,300.0,12.0,0.2,0.35,30.0,450.0,14.0,0.5,0.25,250.0,1.5,26.0,15.99,12.99,10.99,25.0,75.0,293.15,pizza,llama31_8b_standard
88,,[],['edible'],[],['soft'],,"['circular', 'oval', 'rectangle', 'square']",0.6,30.0,300.0,12.0,0.3,0.2,30.0,200.0,12.0,0.2,0.4,40.0,280.0,12.0,0.5,0.5,350.0,2.5,26.45,15.99,12.99,15.99,22.0,75.0,293.15,pizza,llama31_8b_standard
89,"['green', 'red', 'seal brown', 'white', 'yellow']",[],,[],,[],[],0.5,30.0,380.0,14.0,0.6,0.12,30.0,240.0,12.0,0.125,0.3,30.0,350.0,14.0,12.0,0.4,350.0,2.5,25.4,15.99,10.99,15.99,20.5,75.2,293.15,pizza,llama31_8b_standard
90,,[],[],,['soft'],,[],0.3,30.0,300.0,12.0,0.8,0.12,25.0,250.0,12.0,0.12,0.45,,,12.0,0.3,0.25,250.0,1.5,26.45,15.99,10.99,12.99,25.0,75.0,298.15,pizza,llama31_8b_standard
91,"['green', 'red', 'seal brown', 'white', 'yellow']",,[],['water'],['soft'],,"['circular', 'oval', 'rectangle']",0.3,,300.0,14.0,0.9,0.15,30.0,250.0,12.0,0.17,0.55,30.0,300.0,14.0,0.5,0.5,320.0,1.5,2.0,15.99,10.99,12.99,22.5,77.5,323.15,pizza,llama31_8b_standard
92,,[],,,,[],"['circular', 'oval', 'rectangle', 'round']",0.5,40.0,280.0,12.0,0.6,0.05,30.0,280.0,12.0,0.12,0.45,,280.0,14.0,0.5,0.25,350.0,2.5,28.35,15.99,10.99,14.99,25.0,75.0,295.65,pizza,llama31_8b_standard
93,"['black', 'red', 'seal brown', 'white', 'yellow']",,[],,,[],,0.3,30.0,,14.0,0.5,0.03,13.0,,12.0,0.15,0.3,30.0,300.0,12.0,1.5,0.5,320.0,2.5,28.35,15.99,10.99,12.99,25.0,75.0,293.15,pizza,llama31_8b_standard
94,"['green', 'red', 'seal brown', 'white']",,,,,,[],0.35,30.0,,12.0,0.7,0.05,,220.0,12.0,0.2,0.35,30.0,350.0,12.0,2.3,250.0,250.0,1.5,28.0,15.99,12.99,12.95,22.0,75.0,293.15,pizza,llama31_8b_standard
95,"['black', 'green', 'red', 'seal brown', 'white', 'yellow']",[],,,['soft'],,[],0.6,35.0,250.0,14.0,0.8,0.03,20.5,250.0,12.0,0.15,0.3,28.0,280.0,14.0,0.46,0.5,,2.25,18.74,15.99,12.99,12.99,25.0,75.0,293.15,pizza,llama31_8b_standard
96,"['black', 'green', 'or', 'red', 'seal brown', 'white']",,[],[],['soft'],,"['circle', 'oval', 'rectangle', 'round', 'square']",0.5,30.0,320.0,14.0,0.8,0.1,25.0,250.0,12.0,0.12,0.35,30.0,,14.0,0.45,0.5,,1.4,1.5,15.99,10.99,15.99,25.0,75.2,293.15,pizza,llama31_8b_standard
97,,[],[],,,,"['oval', 'rectangle', 'round', 'square']",0.4,30.0,,14.0,0.75,0.15,25.0,240.0,10.0,0.12,0.35,50.0,350.0,14.0,1.5,0.5,250.0,1.5,24.6,15.99,10.99,10.99,20.5,75.2,293.15,pizza,llama31_8b_standard
98,,,[],[],,,[],0.5,28.0,240.0,14.0,0.9,0.05,,250.0,14.0,0.2,0.35,35.0,,,0.6,0.35,450.0,2.5,24.0,15.99,12.99,12.99,25.0,73.4,288.15,pizza,llama31_8b_standard
99,,,[],,,[],"['circle', 'oval', 'round', 'semicircle']",0.3,30.0,280.0,14.0,0.8,0.035,25.7,230.0,12.0,0.12,0.3,30.0,350.0,14.0,1.0,0.3,250.0,2.5,2.5,15.99,10.99,14.99,25.0,75.0,298.15,pizza,llama31_8b_standard
100,['red'],[],[],[],[],[],['triangle'],32.0,30.0,314.0,12.0,14.0,0.078,30.0,5.0,22.0,15.0,0.21,30.4,320.0,12.0,13.0,600.0,340.0,1.0,12.0,,200.0,7.0,15.0,,293.15,pizza,llama_30b_standard
101,['red'],[],[],[],[],[],['round'],0.5,,50.8,12.0,0.5,0.45,10.0,,,10.0,0.5,12.0,350.0,12.0,0.01,1.5,400.0,3.2,100.0,8.5,2.89,14.0,400.0,70.0,300.0,pizza,llama_30b_standard
102,['red'],[],[],[],[],['restaurant'],['round'],1000.0,30.0,305.8,15.0,1.0,5.0,18.0,254.0,12.5,18.0,1.5,30.0,10000000.0,16.0,12.0,2.15,0.5,3.0,45.4,14.99,5.5,0.0,,,,pizza,llama_30b_standard
103,[],[],[],[],[],['restaurant'],['circle'],4.2,30.0,50.0,12.0,12.0,,355.56,20.0,10.0,36.6,0.7,10.25,300.0,12.0,8.0,1.1,0.2472472472472473,3.0,16.0,15.5,10.0,15.0,70.0,,0.0,pizza,llama_30b_standard
104,['green'],[],[],[],[],['bakery'],['round'],1.0,20.0,5000.0,14.0,10.0,0.35,11.4,180.0,14.0,0.5,0.05331228867211914,16.0,1000.0,12.0,16.0,1.409439509973334,1.0,10.0,16.0,,1.5,2.0,25.5,100.0,,pizza,llama_30b_standard
105,['red'],[],"['fast', 'hot', 'sweet']",[],[],[],['round'],0.5,30.0,1989.0,14.0,1.0,0.05,30.48,500.0,14.0,5.5,50.0,26.0,,2.0,12.0,1.3,14000.0,4.62,0.0,1.0,1.56,1.98422849643673,20.0,35.0,,pizza,llama_30b_standard
106,['red'],[],['hot'],['water'],[],[],[],100.0,25.0,500.0,12.0,15.0,2.44,8.3,300.0,10.0,,0.1383025,32.0,,12.0,0.2,0.25,310.0,1.0,1.2,,2.5,11.75,10.0,80.0,320.0,pizza,llama_30b_standard
107,['red'],[],[],[],['soft'],[],['circle'],100.0,32.0,280.0,14.0,13.0,0.05,20.0,230.0,5.35,12.0,2.5,30.0,42.0,12.0,1.5,,567.0,2.0,16.0,14.0,5.0,10.0,35.0,,,pizza,llama_30b_standard
108,['red'],[],[],[],[],[],['circle'],0.5,130.0,300.0,10.0,1.0,0.045,0.15,10.0,12.0,18.0,0.23,30.5,300.0,16.0,18.0,100.0,500.0,1.5,,7.0,3.99,3.99,5.0,98.6,37.0,pizza,llama_30b_standard
109,['red'],[],[],[],['soft'],['pizzeria'],['round'],0.2,,2000.0,12.0,0.8,,30.0,245.0,18.0,20.0,0.75,25.4,500.0,12.0,20.2,2.0,810.0,2.11,6.5,20.0,,3.69,35.5,73.4,1000.0,pizza,llama_30b_standard
110,['red'],[],[],[],[],['restaurant'],['round'],0.2,,300.0,10.0,36.0,0.01,2.5,25.0,8.0,0.5,0.5,30.0,200.0,12.0,1.0,1.5,370.0,15.0,23.72,10.0,4.99,,100.0,40.0,45.0,pizza,llama_30b_standard
111,['red'],[],[],[],[],[],['round'],60.0,40.0,260.0,12.0,15.0,0.01,20.0,265.4,12.0,12.0,0.062,30.48,220.0,12.0,4.0,0.0,250.0,1.75,453.59237,10.0,10.0,14.0,12.621,10.0,47.7,pizza,llama_30b_standard
112,['white'],[],[],[],[],[],['round'],,25.4,240.0,12.0,10.0,0.05,,1600.0,48.0,3.1,2.0,25.0,300.0,4.5,12.0,,90.0,12.0,30.0,12.0,15.0,14.99,72.0,50.0,368.15,pizza,llama_30b_standard
113,[],[],[],[],[],[],[],3.0,180.0,,11.0,1.0,1.5,,25.4,14.0,1.5,0.5,10.0,610.0,14.0,18.0,1.2,12.5,0.5,1.34,10.51,0.01,2.2,0.1,,427.53,pizza,llama_30b_standard
114,['red'],[],[],[],[],[],['circle'],1.89,16.0,1800.0,12.0,28.0,,2.5,500.0,12.0,4.5,2.0,25.0,100.0,,12.3,3.6,2400.0,5.0,16.6,14.0,10.0,14.0,35.0,73.0,290.0,pizza,llama_30b_standard
115,['red'],[],[],[],[],['restaurant'],['circular'],0.44,10.0,400.0,12.0,12.0,0.05,3.5,2.5,22.0,3.0,0.1,25.0,300.0,16.0,0.1,0.25,0.185,,,5.0,2.26,0.5,31.1,108.0,329.3,pizza,llama_30b_standard
116,['purple'],[],[],[],[],[],['triangle'],0.5,30.0,300.0,10.0,12.0,0.05,,,12.0,12.0,0.33,18.5,230.0,12.0,1.0,1.0,0.0,1.25,8.0,0.9999999999999999,12.0,11.89,12.0,55.0,2.73,pizza,llama_30b_standard
117,['red'],[],[],[],[],[],['triangle'],0.002,0.0,300.0,14.0,14.0,0.42,400.0,300.0,13.0,1.6,0.5,24.0,304.8,12.5,0.001,0.5,,0.0,3500.0,4.99,5.0,1.1,,,25.0,pizza,llama_30b_standard
118,"['black', 'blue', 'green', 'orange', 'pink', 'purple', 'red', 'white', 'yellow']",[],[],[],['soft'],['shop'],['circle'],0.25,25.4,300.0,10.0,14.0,0.3,30.0,10.0,11.0,0.4266666666666667,0.5,28.0,300.0,12.0,3.5,1.0,1000.0,1.25,12.0,10.0,20.0,12.333333333333332,,,,pizza,llama_30b_standard
119,['red'],[],[],[],[],[],['circle'],1.25,30.0,10.0,14.0,12.0,0.05,16.0,38.0,8.5,1.144,0.289,30.48,200.0,12.0,35.274,2.8,450.0,20.0,10.0,11.99,27.0,27.0,20.0,,300.0,pizza,llama_30b_standard
